"rules","support","confidence","coverage","lift","count"
"{instant noodles} => {beans}",0.0107782754759239,0.57037037037037,0.0188969764837626,1.43627984699539,77
"{instant noodles} => {root vegetables}",0.0110582306830907,0.585185185185185,0.0188969764837626,1.38291861163181,79
