"rules","support","confidence","coverage","lift","count"
"{oats} => {other vegetables}",0.00573908174692049,0.672131147540984,0.00853863381858903,1.56407326320286,41
